month,sr_plan,sr_actual
Januari,0,0
Februari,0,0
Maret,0,0
April,0,0
Mei,19.3333333333,20.0
Juni,11.6,13.0
Juli,12.25,12.5
Agustus,10.5555555556,13.6338858195
September,8.46153846154,7.99930209372
Oktober,6.94444444444,None
November,5.54545454545,None
Desember,5.16666666667,None
